Ano,Ativo no Período,Semana Nº,Semana Chave,Dias Úteis,Feriados - Turnos,Férias,MO - 1,MO - 2,MO - 3,EQP - 1,EQP - 2,EQP - 3
2026.0,NÃO,1.0,20261.0,3.3498176513493796,2.0,3.0,29.33333333333333,57.28333333333333,75.65,0.0,0.0,0.0
2026.0,NÃO,2.0,20262.0,5.580452224653537,0.0,0.0,43.999999999999986,87.58333333333333,127.06666666666666,46.000000000000014,90.99666666666667,131.82999999999998
2026.0,NÃO,3.0,20263.0,5.580452224653537,0.0,0.0,43.999999999999986,87.58333333333333,127.06666666666666,46.000000000000014,90.99666666666667,131.82999999999998
2026.0,NÃO,4.0,20264.0,5.580452224653537,0.0,0.0,43.999999999999986,87.58333333333333,127.06666666666666,46.000000000000014,90.99666666666667,131.82999999999998
2026.0,NÃO,5.0,20265.0,5.580452224653537,0.0,0.0,43.999999999999986,87.58333333333333,127.06666666666666,46.000000000000014,90.99666666666667,131.82999999999998
2026.0,NÃO,6.0,20266.0,5.580452224653537,0.0,0.0,43.999999999999986,87.58333333333333,127.06666666666666,46.000000000000014,90.99666666666667,131.82999999999998
2026.0,NÃO,7.0,20267.0,5.580452224653537,0.0,0.0,43.999999999999986,87.58333333333333,127.06666666666666,46.000000000000014,90.99666666666667,131.82999999999998
2026.0,NÃO,8.0,20268.0,4.34981765134938,1.0,0.0,36.66666666666666,72.43333333333332,98.5,38.33333333333334,75.16333333333334,107.83
2026.0,NÃO,9.0,20269.0,5.580452224653537,0.0,0.0,43.999999999999986,87.58333333333333,127.06666666666666,46.000000000000014,90.99666666666667,131.82999999999998
2026.0,NÃO,10.0,202610.0,5.580452224653537,0.0,0.0,43.999999999999986,87.58333333333333,127.06666666666666,46.000000000000014,90.99666666666667,131.82999999999998
2026.0,NÃO,11.0,202611.0,5.580452224653537,0.0,0.0,43.999999999999986,87.58333333333333,127.06666666666666,46.000000000000014,90.99666666666667,131.82999999999998
2026.0,NÃO,12.0,202612.0,5.580452224653537,0.0,0.0,43.999999999999986,87.58333333333333,127.06666666666666,46.000000000000014,90.99666666666667,131.82999999999998
2026.0,NÃO,13.0,202613.0,5.580452224653537,0.0,0.0,43.999999999999986,87.58333333333333,127.06666666666666,46.000000000000014,90.99666666666667,131.82999999999998
2026.0,NÃO,14.0,202614.0,5.580452224653537,0.0,0.0,43.999999999999986,87.58333333333333,127.06666666666666,46.000000000000014,90.99666666666667,131.82999999999998
2026.0,NÃO,15.0,202615.0,4.580452224653538,1.0,0.0,36.66666666666666,72.43333333333332,104.21666666666667,38.33333333333334,75.16333333333334,107.83
2026.0,NÃO,16.0,202616.0,5.580452224653537,0.0,0.0,43.999999999999986,87.58333333333333,127.06666666666666,46.000000000000014,90.99666666666667,131.82999999999998
2026.0,NÃO,17.0,202617.0,5.580452224653537,0.0,0.0,43.999999999999986,87.58333333333333,127.06666666666666,46.000000000000014,90.99666666666667,131.82999999999998
2026.0,NÃO,18.0,202618.0,4.580452224653538,1.0,0.0,36.66666666666666,72.43333333333332,104.21666666666667,38.33333333333334,75.16333333333334,107.83
2026.0,NÃO,19.0,202619.0,4.580452224653538,1.0,0.0,36.66666666666666,72.43333333333332,104.21666666666667,38.33333333333334,75.16333333333334,107.83
2026.0,NÃO,20.0,202620.0,5.580452224653537,0.0,0.0,43.999999999999986,87.58333333333333,127.06666666666666,46.000000000000014,90.99666666666667,131.82999999999998
2026.0,NÃO,21.0,202621.0,5.580452224653537,0.0,0.0,43.999999999999986,87.58333333333333,127.06666666666666,46.000000000000014,90.99666666666667,131.82999999999998
2026.0,NÃO,22.0,202622.0,5.580452224653537,0.0,0.0,43.999999999999986,87.58333333333333,127.06666666666666,46.000000000000014,90.99666666666667,131.82999999999998
2026.0,NÃO,23.0,202623.0,5.580452224653537,0.0,0.0,43.999999999999986,87.58333333333333,127.06666666666666,46.000000000000014,90.99666666666667,131.82999999999998
2026.0,NÃO,24.0,202624.0,4.580452224653538,1.0,0.0,36.66666666666666,72.43333333333332,104.21666666666667,38.33333333333334,75.16333333333334,107.83
2026.0,NÃO,25.0,202625.0,5.580452224653537,0.0,0.0,43.999999999999986,87.58333333333333,127.06666666666666,46.000000000000014,90.99666666666667,131.82999999999998
2026.0,NÃO,26.0,202626.0,5.580452224653537,0.0,0.0,43.999999999999986,87.58333333333333,127.06666666666666,46.000000000000014,90.99666666666667,131.82999999999998
2026.0,NÃO,27.0,202627.0,5.580452224653537,0.0,0.0,43.999999999999986,87.58333333333333,127.06666666666666,46.000000000000014,90.99666666666667,131.82999999999998
2026.0,NÃO,28.0,202628.0,5.580452224653537,0.0,0.0,43.999999999999986,87.58333333333333,127.06666666666666,46.000000000000014,90.99666666666667,131.82999999999998
2026.0,NÃO,29.0,202629.0,5.580452224653537,0.0,0.0,43.999999999999986,87.58333333333333,127.06666666666666,46.000000000000014,90.99666666666667,131.82999999999998
2026.0,NÃO,30.0,202630.0,5.580452224653537,0.0,0.0,43.999999999999986,87.58333333333333,127.06666666666666,46.000000000000014,90.99666666666667,131.82999999999998
2026.0,NÃO,31.0,202631.0,5.580452224653537,0.0,0.0,43.999999999999986,87.58333333333333,127.06666666666666,46.000000000000014,90.99666666666667,131.82999999999998
2026.0,NÃO,32.0,202632.0,4.580452224653538,1.0,0.0,36.66666666666666,72.43333333333332,104.21666666666667,38.33333333333334,75.16333333333334,107.83
2026.0,NÃO,33.0,202633.0,5.580452224653537,0.0,0.0,43.999999999999986,87.58333333333333,127.06666666666666,46.000000000000014,90.99666666666667,131.82999999999998
2026.0,NÃO,34.0,202634.0,5.580452224653537,0.0,0.0,43.999999999999986,87.58333333333333,127.06666666666666,46.000000000000014,90.99666666666667,131.82999999999998
2026.0,NÃO,35.0,202635.0,5.580452224653537,0.0,0.0,43.999999999999986,87.58333333333333,127.06666666666666,46.000000000000014,90.99666666666667,131.82999999999998
2026.0,NÃO,36.0,202636.0,5.580452224653537,0.0,0.0,43.999999999999986,87.58333333333333,127.06666666666666,46.000000000000014,90.99666666666667,131.82999999999998
2026.0,NÃO,37.0,202637.0,4.580452224653538,1.0,0.0,36.66666666666666,72.43333333333332,104.21666666666667,38.33333333333334,75.16333333333334,107.83
2026.0,SIM,38.0,202638.0,5.58045222465354,0.0,0.0,43.999999999999986,87.58333333333333,127.06666666666666,46.000000000000014,90.99666666666667,131.82999999999998
2026.0,NÃO,39.0,202639.0,5.580452224653537,0.0,0.0,43.999999999999986,87.58333333333333,127.06666666666666,46.000000000000014,90.99666666666667,131.82999999999998
2026.0,NÃO,40.0,202640.0,5.580452224653537,0.0,0.0,43.999999999999986,87.58333333333333,127.06666666666666,46.000000000000014,90.99666666666667,131.82999999999998
2026.0,NÃO,41.0,202641.0,5.580452224653537,0.0,0.0,43.999999999999986,87.58333333333333,127.06666666666666,46.000000000000014,90.99666666666667,131.82999999999998
2026.0,NÃO,42.0,202642.0,4.580452224653538,1.0,0.0,36.66666666666666,72.43333333333332,104.21666666666667,38.33333333333334,75.16333333333334,107.83
2026.0,NÃO,43.0,202643.0,5.580452224653537,0.0,0.0,43.999999999999986,87.58333333333333,127.06666666666666,46.000000000000014,90.99666666666667,131.82999999999998
2026.0,NÃO,44.0,202644.0,5.580452224653537,0.0,0.0,43.999999999999986,87.58333333333333,127.06666666666666,46.000000000000014,90.99666666666667,131.82999999999998
2026.0,NÃO,45.0,202645.0,4.580452224653538,1.0,0.0,36.66666666666666,72.43333333333332,104.21666666666667,38.33333333333334,75.16333333333334,107.83
2026.0,NÃO,46.0,202646.0,5.580452224653537,0.0,0.0,43.999999999999986,87.58333333333333,127.06666666666666,46.000000000000014,90.99666666666667,131.82999999999998
2026.0,NÃO,47.0,202647.0,5.580452224653537,0.0,0.0,43.999999999999986,87.58333333333333,127.06666666666666,46.000000000000014,90.99666666666667,131.82999999999998
2026.0,NÃO,48.0,202648.0,4.580452224653538,1.0,0.0,36.66666666666666,72.43333333333332,104.21666666666667,38.33333333333334,75.16333333333334,107.83
2026.0,NÃO,49.0,202649.0,5.580452224653537,0.0,0.0,43.999999999999986,87.58333333333333,127.06666666666666,46.000000000000014,90.99666666666667,131.82999999999998
2026.0,NÃO,50.0,202650.0,5.580452224653537,0.0,0.0,43.999999999999986,87.58333333333333,127.06666666666666,46.000000000000014,90.99666666666667,131.82999999999998
2026.0,NÃO,51.0,202651.0,5.580452224653537,0.0,0.0,43.999999999999986,87.58333333333333,127.06666666666666,46.000000000000014,90.99666666666667,131.82999999999998
2026.0,NÃO,52.0,202652.0,3.5804522246535373,2.0,0.0,29.33333333333333,57.28333333333333,81.36666666666667,30.66666666666667,59.330000000000005,84.16
2026.0,NÃO,53.0,202653.0,3.5804522246535373,2.0,0.0,29.33333333333333,57.28333333333333,81.36666666666667,23.000000000000004,47.50000000000001,72.0
