Ano,Ativo no Período,Mês Nº,Mês Nome,Dias Úteis,Feriados - Turnos,Feriados - ADM,Férias,MO - 1,MO - 2,MO - 3,ADM,EQP - 1,EQP - 2,EQP - 3,ADM2
2026.0,SIM,1.0,janeiro,24.0,2.0,2.0,3.0,190.66666666666669,377.3166666666665,543.9333333333334,176.0,184.0,363.9866666666666,527.3199999999999,196.0
2026.0,SIM,2.0,fevereiro,23.0,2.0,2.0,0.0,168.66666666666666,335.1833333333333,479.70000000000005,167.0,176.33333333333334,348.1533333333333,503.31999999999994,186.0
2026.0,SIM,3.0,março,26.0,0.0,0.0,0.0,190.66666666666669,380.6333333333332,548.2500000000001,194.0,199.33333333333331,395.65333333333325,568.9,216.0
2026.0,SIM,4.0,abril,24.0,2.0,2.0,0.0,176.0,350.33333333333326,508.26666666666677,177.0,184.0,363.9866666666666,527.3199999999999,196.0
2026.0,SIM,5.0,maio,25.0,1.0,1.0,0.0,183.33333333333334,362.1666666666665,526.8000000000001,176.0,191.66666666666666,375.8166666666666,545.5699999999999,195.0
2026.0,SIM,6.0,junho,25.0,1.0,1.0,0.0,183.33333333333334,365.48333333333323,525.4000000000001,185.0,191.66666666666666,379.81999999999994,544.9,206.0
2026.0,SIM,7.0,julho,27.0,1.0,2.0,0.0,198.00000000000003,395.7833333333332,576.8166666666668,194.0,206.99999999999997,411.48666666666657,599.3199999999999,225.0
2026.0,SIM,8.0,agosto,25.0,1.0,0.0,0.0,183.33333333333334,362.1666666666666,521.0833333333335,185.0,191.66666666666666,375.8166666666666,539.15,196.0
2026.0,SIM,9.0,setembro,25.0,2.0,2.0,0.0,183.33333333333334,365.48333333333323,531.1166666666668,185.0,191.66666666666666,379.81999999999994,551.3199999999999,206.0
2026.0,SIM,10.0,outubro,26.0,2.0,2.0,0.0,190.66666666666669,377.31666666666655,549.6500000000001,184.0,199.33333333333331,391.6499999999999,569.5699999999999,205.0
2026.0,SIM,11.0,novembro,23.0,4.0,4.0,0.0,168.66666666666666,335.1833333333333,479.70000000000005,168.0,176.33333333333334,348.1533333333333,496.9,186.0
2026.0,SIM,12.0,dezembro,24.0,6.0,6.0,0.0,176.0,350.33333333333326,508.26666666666677,177.0,184.0,363.9866666666666,534.0699999999999,197.0
