CÓD,QTD LOTES CAMPANHA
MPR00755,35.8636363636364
MPR00357,18.875
MPR00130,17.789473684210527
MPR00004,14.909090909090908
MPR00420,13.0
MPR01230,12.0
MPR00693,11.833333333333334
MPR00053,11.3
MPR00132,11.2
MPR00445,10.125
MPR00104,9.933333333333334
MPR00084,9.75
MPR00573,9.6
MPR00496,9.25
MPR00090,9.2
MPR00270,8.666666666666666
MPR00229,8.6
MPR00286,8.6
MPR00006,8.466666666666667
MPR00711,8.285714285714286
MPR00007,8.285714285714286
MPR00619,8.0
MPR00958,7.75
MPR00587,7.7
MPR00072,7.666666666666667
MPR00961,7.5
MPR00099,7.4
MPR00876,7.285714285714286
MPR01043,7.083333333333333
MPR00663,7.0
MPR00292,6.913043478260869
MPR00471,6.818181818181818
MPR00201,6.5
MPR00302,6.071428571428571
MPR00698,6.0
MPR00068,6.0
MPR00982,6.0
MPR00105,6.0
MPR01175,6.0
MPR00482,6.0
MPR00724,5.833333333333333
MPR00108,5.818181818181818
MPR00665,5.666666666666667
MPR00192,5.583333333333333
MPR00380,5.538461538461538
MPR00041,5.529411764705882
MPR01193,5.5
MPR00676,5.5
MPR00436,5.428571428571429
MPR00196,5.333333333333333
MPR00612,5.333333333333333
MPR00704,5.333333333333333
MPR00785,5.285714285714286
MPR00142,5.2727272727272725
MPR00673,5.142857142857143
MPR00078,5.142857142857143
MPR00269,5.1
MPR00087,5.083333333333333
MPR00048,5.0
MPR00643,5.0
MPR01021,5.0
MPR00706,5.0
MPR00932,5.0
MPR00042,5.0
MPR00963,5.0
MPR00442,5.0
MPR00100,5.0
MPR00694,5.0
MPR00351,5.0
MPR00439,5.0
MPR01263,4.875
MPR00992,4.8
MPR00893,4.75
MPR00585,4.666666666666667
MPR00173,4.666666666666667
MPR00323,4.666666666666667
MPR01053,4.666666666666667
MPR00705,4.666666666666667
MPR00972,4.6
MPR01149,4.571428571428571
MPR00047,4.555555555555555
MPR00441,4.538461538461538
MPR01095,4.5
MPR00114,4.5
MPR01096,4.5
MPR01208,4.5
MPR00977,4.5
MPR00779,4.4
MPR00187,4.4
MPR00144,4.333333333333333
MPR00886,4.333333333333333
MPR00387,4.285714285714286
MPR00440,4.25
MPR00545,4.25
MPR00586,4.222222222222222
MPR00947,4.2
MPR00461,4.166666666666667
MPR01307,4.142857142857143
MPR00378,4.1
MPR00241,4.0625
MPR00574,4.0
MPR01224,4.0
MPR00695,4.0
MPR00208,4.0
MPR00304,4.0
MPR00389,4.0
MPR01101,4.0
MPR00725,4.0
MPR00745,4.0
MPR00707,3.9166666666666665
MPR01013,3.9
MPR00176,3.8333333333333335
MPR00277,3.8095238095238093
MPR00588,3.8
MPR00384,3.8
MPR00658,3.7777777777777777
MPR01012,3.75
MPR00507,3.75
MPR00521,3.6666666666666665
MPR00696,3.6666666666666665
MPR00581,3.6666666666666665
MPR00268,3.6666666666666665
MPR00274,3.6
MPR00013,3.5
MPR01001,3.5
MPR00726,3.5
MPR00248,3.5
MPR00870,3.5
MPR01016,3.5
MPR00303,3.5
MPR00010,3.5
MPR00929,3.4285714285714284
MPR00812,3.4
MPR01275,3.4
MPR01214,3.4
MPR00052,3.4
MPR00523,3.375
MPR00616,3.375
MPR00827,3.375
MPR00158,3.3333333333333335
MPR01116,3.3333333333333335
MPR01150,3.3333333333333335
MPR00217,3.3333333333333335
MPR00091,3.2857142857142856
MPR00647,3.25
MPR00614,3.25
MPR00800,3.090909090909091
MPR00575,3.0454545454545454
MPR01145,3.0
MPR01026,3.0
MPR01181,3.0
MPR01241,3.0
MPR00092,3.0
MPR00795,3.0
MPR00271,3.0
MPR00732,3.0
MPR00712,3.0
MPR00926,3.0
MPR00968,3.0
MPR00036,3.0
MPR01113,3.0
MPR00375,3.0
MPR00710,3.0
MPR00813,3.0
MPR00780,3.0
MPR00037,3.0
MPR00464,3.0
MPR00224,3.0
MPR00209,3.0
MPR00820,3.0
MPR00031,3.0
MPR00903,3.0
MPR00368,3.0
MPR01022,3.0
MPR00307,3.0
MPR00503,3.0
MPR00595,3.0
MPR00630,3.0
MPR01300,3.0
MPR00631,3.0
MPR00991,3.0
MPR00592,3.0
MPR00255,2.888888888888889
MPR00342,2.8333333333333335
MPR00973,2.8333333333333335
MPR00979,2.8
MPR00895,2.8
MPR00993,2.75
MPR00499,2.75
MPR01000,2.75
MPR00219,2.75
MPR01311,2.7142857142857144
MPR00905,2.6666666666666665
MPR01215,2.6666666666666665
MPR00931,2.6666666666666665
MPR00769,2.6666666666666665
MPR00168,2.6666666666666665
MPR00783,2.6666666666666665
MPR00738,2.6666666666666665
MPR00256,2.625
MPR00231,2.6
MPR01229,2.6
MPR00476,2.6
MPR00340,2.5714285714285716
MPR00748,2.5
MPR00632,2.5
MPR00044,2.5
MPR01155,2.5
MPR01032,2.5
MPR00294,2.5
MPR00714,2.5
MPR00664,2.5
MPR00743,2.5
MPR00012,2.5
MPR00478,2.5
MPR00230,2.4285714285714284
MPR00672,2.4
MPR00149,2.4
MPR00249,2.3333333333333335
MPR00152,2.3333333333333335
MPR00211,2.3333333333333335
MPR00033,2.3333333333333335
MPR00154,2.3333333333333335
MPR00065,2.3333333333333335
MPR00067,2.3333333333333335
MPR00414,2.3333333333333335
MPR01090,2.3333333333333335
MPR00437,2.3333333333333335
MPR01091,2.3333333333333335
MPR00749,2.2857142857142856
MPR01112,2.25
MPR00360,2.25
MPR00669,2.25
MPR00882,2.25
MPR00919,2.25
MPR00617,2.25
MPR00228,2.2
MPR01253,2.2
MPR00662,2.1666666666666665
MPR00335,2.0
MPR00978,2.0
MPR00568,2.0
MPR00444,2.0
MPR00941,2.0
MPR00747,2.0
MPR00959,2.0
MPR00811,2.0
MPR00717,2.0
MPR00070,2.0
MPR00137,2.0
MPR00781,2.0
MPR01114,2.0
MPR00475,2.0
MPR00690,2.0
MPR00293,2.0
MPR00692,2.0
MPR00225,2.0
MPR00506,2.0
MPR01008,2.0
MPR00352,2.0
MPR00369,2.0
MPR00296,2.0
MPR00278,2.0
MPR00385,2.0
MPR00639,2.0
MPR00944,2.0
MPR01017,2.0
MPR00946,2.0
MPR00017,2.0
MPR00559,2.0
MPR00914,2.0
MPR01154,2.0
MPR00655,2.0
MPR01173,2.0
MPR01029,2.0
MPR00341,2.0
MPR01030,2.0
MPR00253,2.0
MPR00191,2.0
MPR00493,2.0
MPR00923,2.0
MPR00970,2.0
MPR01248,2.0
MPR00159,2.0
MPR00470,2.0
MPR00883,2.0
MPR01254,2.0
MPR00580,2.0
MPR00317,2.0
MPR00362,2.0
MPR00980,2.0
MPR00150,2.0
MPR00117,2.0
MPR00975,2.0
