PROCESSO,FAMILIA,CLUSTER,Categoria,CM (HRS),RECURSO MÉDIO ATUAL,TOTAL RECURSO,HRS TURNO,OEE REAL,OEE NEC,HC NECESSARIO,CARREGAMENTO,Soma Demanda Media,TAKT,TC MEDIO,FIFO
EQUIPAMENTO HPLC,CRLQ0072,,Equipamento,464.95,1.0,538.2,538.0,0.324858199187136,0.863896586804726,2.66,2.65930362529368,99.99,5.38,4.65,4.35
MO BANCADA,Dermo / Semissólidos,BANCADA,Mão de Obra,553.04,1.91,988.84,518.0,0.8,0.5592789722182,1.33,0.69909871527275,140.18,7.05,3.95,6.1
MO BANCADA,Sólidos - Neolefrin,BANCADA,Mão de Obra,1353.63,1.58,816.18,518.0,0.8,1.65848783454637,3.27,2.07310979318296,240.43,3.39,5.63,10.47
MO BANCADA,Sólidos - Doralgina,BANCADA,Mão de Obra,1349.99,1.58,816.18,518.0,0.8,1.65402186951116,3.26,2.06752733688895,182.91,4.46,7.38,7.96
MO BANCADA,Sólidos - Losartana,BANCADA,Mão de Obra,1088.76,2.24,1161.49,518.0,0.8,0.93738280205833,2.63,1.17172850257291,212.72,5.46,5.12,9.26
MO BANCADA,Impureza Skip Test,BANCADA,Mão de Obra,97.32,1.58,816.18,518.0,0.8,0.119241808523225,0.23,0.149052260654031,264.9,3.08,0.37,11.53
MO BANCADA,Estéreis / Aerossóis,BANCADA,Mão de Obra,677.6,1.91,988.84,518.0,0.8,0.685246645151062,1.64,0.856558306438828,122.69,8.06,5.52,5.34
MO BANCADA,Sólidos - Torsilax,BANCADA,Mão de Obra,926.65,1.91,988.84,518.0,0.8,0.937113599477624,2.24,1.17139199934703,183.71,5.38,5.04,8.0
MO BANCADA,Fam FQ,BANCADA,Mão de Obra,451.66,0.58,298.22,518.0,0.8,1.51451286550917,1.09,1.89314108188647,103.07,2.89,4.38,4.49
MO BANCADA,Líquidos,BANCADA,Mão de Obra,840.72,1.91,988.84,518.0,0.8,0.850209742284817,2.03,1.06276217785602,140.57,7.03,5.98,6.12
MO BANCADA,Fam PI/TF,BANCADA,Mão de Obra,1781.65,8.24,4269.27,518.0,0.8,0.417320394332139,4.3,0.521650492915174,1461.0,2.92,1.22,63.6
MO BANCADA,Fam Dissolutor,BANCADA,Mão de Obra,2301.02,4.91,2542.73,518.0,0.8,0.904941067770311,5.55,1.13117633471289,844.31,3.01,2.73,36.76
MO CONFERÊNCIA BANCADA,MO CONFERÊNCIA BANCADA,BANCADA,Mão de Obra,1697.65,4.67,2417.16,518.0,0.8,0.702330970595532,4.1,0.877913713244416,1318.89,1.83,1.29,57.42
MO CONFERÊNCIA PI/TF,MO CONFERÊNCIA PI/TF,BANCADA,Mão de Obra,477.41,1.0,517.96,518.0,0.8,0.921707292988646,1.15,1.15213411623581,1459.41,0.35,0.33,63.54
EQUIPAMENTO HPLC,CRLQ0202,CLUSTER 1,Equipamento,159.92,1.0,538.2,538.0,0.23916086434030168,0.29713334458113,1.24,1.24239952636372,75.96,7.08,2.11,3.31
EQUIPAMENTO HPLC,CRLQ0204,CLUSTER 1,Equipamento,402.94,1.0,538.2,538.0,0.21176921619349062,0.748676820955596,3.54,3.53534302299887,100.71,5.34,4.0,4.38
EQUIPAMENTO HPLC,CRLQ0201,CLUSTER 1,Equipamento,104.14,1.0,538.2,538.0,0.3341978124919349,0.193493830660093,0.58,0.578979943696556,26.72,20.14,3.9,1.16
EQUIPAMENTO HPLC,CRLQ0200,CLUSTER 1,Equipamento,124.54,1.0,538.2,538.0,0.3175942589260368,0.231395537048345,0.73,0.728588538819379,23.25,23.15,5.36,1.01
EQUIPAMENTO HPLC,CRLQ0198,CLUSTER 1,Equipamento,425.54,1.0,538.2,538.0,0.34994213993245504,0.790666147290336,2.26,2.25941964989683,202.95,2.65,2.1,8.84
EQUIPAMENTO HPLC,CRLQ0210,CLUSTER 1,Equipamento,61.45,1.0,538.2,538.0,0.25223290779043317,0.114172165524428,0.45,0.452645796793839,29.05,18.53,2.12,1.26
EQUIPAMENTO HPLC,CRLQ0256,CLUSTER 2,Equipamento,39.7,1.0,538.2,538.0,0.2747063852765514,0.0737571496681638,0.27,0.26849448582679,33.88,15.89,1.17,1.47
EQUIPAMENTO HPLC,CRLQ0150,CLUSTER 2,Equipamento,764.85,1.0,538.2,538.0,0.3050434556650632,1.42112057389041,4.66,4.65874795049133,199.42,2.7,3.84,8.68
EQUIPAMENTO HPLC,CRLQ0254,CLUSTER 2,Equipamento,1066.6,1.0,538.2,538.0,0.31011950462328475,1.98178188521437,6.39,6.39038130678598,104.81,5.14,10.18,4.56
EQUIPAMENTO HPLC,CRLQ0143,CLUSTER 3,Equipamento,140.15,1.0,538.2,538.0,0.31831808313000304,0.260397565801111,0.82,0.818042013952324,36.43,14.78,3.85,1.59
EQUIPAMENTO HPLC,CRLQ0145,CLUSTER 3,Equipamento,26.99,1.0,538.2,538.0,0.2955783698052197,0.050142481948116,0.17,0.169641919268852,18.06,29.8,1.49,0.79
EQUIPAMENTO HPLC,CRLQ0144,CLUSTER 3,Equipamento,961.69,1.0,538.2,538.0,0.34156003937016244,1.78685712029839,5.23,5.23145835090475,82.92,6.49,11.6,3.61
EQUIPAMENTO HPLC,CRLQ0079,CLUSTER 4,Equipamento,91.24,1.0,538.2,538.0,0.37104662966544205,0.1695299413104,0.46,0.456896594002912,20.8,25.88,4.39,0.91
EQUIPAMENTO HPLC,CRLQ0064,CLUSTER 4,Equipamento,294.37,1.0,538.2,538.0,0.3877887487327029,0.546954987820314,1.41,1.41044573780897,152.12,3.54,1.94,6.62
EQUIPAMENTO HPLC,CRLQ0043,CLUSTER 4,Equipamento,153.22,1.0,538.2,538.0,0.3026654871340771,0.284686715267713,0.94,0.940598539871182,44.15,12.19,3.47,1.92
EQUIPAMENTO HPLC,CRLQ0024,CLUSTER 4,Equipamento,220.61,1.0,538.2,538.0,0.32728250046272006,0.409901714974131,1.25,1.25244006139834,29.36,18.33,7.51,1.28
EQUIPAMENTO HPLC,CRLQ0055,CLUSTER 4,Equipamento,128.24,1.0,538.2,538.0,0.3533553383484759,0.238271537990386,0.67,0.674311414408022,27.98,19.24,4.58,1.22
EQUIPAMENTO HPLC,CRLQ0147,CLUSTER 5,Equipamento,133.51,1.0,538.2,538.0,0.39641170526492103,0.248065678306157,0.63,0.625777884485968,20.23,26.61,6.6,0.88
EQUIPAMENTO HPLC,CRLQ0188,CLUSTER 5,Equipamento,379.37,1.0,538.2,538.0,0.3244242835482981,0.704890070419496,2.17,2.17274139503357,55.58,9.68,6.83,2.42
EQUIPAMENTO HPLC,CRLQ0151,CLUSTER 5,Equipamento,353.05,1.0,538.2,538.0,0.40862033574609474,0.655978814871693,1.61,1.60535038882475,50.6,10.64,6.98,2.2
EQUIPAMENTO HPLC,CRLQ0148,CLUSTER 5,Equipamento,314.58,1.0,538.2,538.0,0.35173497059039227,0.584500959217484,1.66,1.66176527240493,48.04,11.2,6.55,2.09
EQUIPAMENTO HPLC,CRLQ0085,CLUSTER 6,Equipamento,365.57,1.0,538.2,538.0,0.4239097130017992,0.679243927951691,1.6,1.60233159825901,105.22,5.11,3.47,4.58
EQUIPAMENTO HPLC,CRLQ0250,CLUSTER 6,Equipamento,301.91,1.0,538.2,538.0,0.5024136353746719,0.560957430193425,1.12,1.11652509147188,123.92,4.34,2.44,5.4
EQUIPAMENTO HPLC,CRLQ0252,CLUSTER 6,Equipamento,79.13,1.0,538.2,538.0,0.3131412238978845,0.147026654366233,0.47,0.46952187430352,58.09,9.27,1.36,2.53
EQUIPAMENTO HPLC,CRLQ0081,CLUSTER 6,Equipamento,65.46,1.0,538.2,538.0,0.2885903568419264,0.121627861927562,0.42,0.421455045340212,34.83,15.45,1.88,1.52
EQUIPAMENTO HPLC,CRLQ0086,CLUSTER 6,Equipamento,37.4,1.0,538.2,538.0,0.2875863001310314,0.0694846931278774,0.24,0.241613363001709,32.27,16.68,1.16,1.4
EQUIPAMENTO HPLC,CRLQ0251,CLUSTER 6,Equipamento,223.48,1.0,538.2,538.0,0.33440812410785387,0.415236384300045,1.24,1.24170543227031,109.96,4.89,2.03,4.79
EQUIPAMENTO HPLC,CRLQ0033,CLUSTER 7,Equipamento,100.07,1.0,538.2,538.0,0.37050873289771646,0.185941903356549,0.5,0.501855656416824,22.55,23.86,4.44,0.98
EQUIPAMENTO HPLC,CRLQ0093,CLUSTER 7,Equipamento,239.88,1.0,538.2,538.0,0.35199962775978705,0.445714004947862,1.27,1.26623430764543,82.74,6.5,2.9,3.6
EQUIPAMENTO HPLC,CRLQ0066,CLUSTER 7,Equipamento,168.53,1.0,538.2,538.0,0.2826863718714623,0.313130880291357,1.11,1.10769712108279,33.53,16.05,5.03,1.46
EQUIPAMENTO HPLC,CRLQ0132,CLUSTER 7,Equipamento,83.88,1.0,538.2,538.0,0.3148517822957502,0.155850357474423,0.5,0.494995951231515,16.45,32.73,5.1,0.72
EQUIPAMENTO HPLC,CRLQ0094,CLUSTER 7,Equipamento,84.52,1.0,538.2,538.0,0.3524005152665376,0.157046649781096,0.45,0.445648184317536,29.05,18.53,2.91,1.26
EQUIPAMENTO HPLC,CRLQ0127,CLUSTER 7,Equipamento,101.57,1.0,538.2,538.0,0.3491709071767475,0.188728820884324,0.54,0.540505571928394,43.86,12.27,2.32,1.91
EQUIPAMENTO HPLC,CRLQ0034,CLUSTER 7,Equipamento,304.4,1.0,538.2,538.0,0.23306012992901268,0.5655960048048,2.43,2.4268243777993,58.65,9.18,5.19,2.55
EQUIPAMENTO HPLC,CRLQ0131,CLUSTER 8,Equipamento,194.84,1.0,538.2,538.0,0.264934628942347,0.362022660374497,1.37,1.36646032955276,60.17,8.95,3.24,2.62
DISSOLUTOR,DISSOLUTOR,EQUIPAMENTO,Equipamento,889.51,6.0,3229.21,538.0,0.8,0.27545766228894,2.07,0.344322077861175,843.74,3.83,1.05,36.73
MO CONFERÊNCIA EQUIPAMENTO,MO CONFERÊNCIA EQUIPAMENTO,EQUIPAMENTO,Mão de Obra,99.53,1.67,863.27,518.0,0.8,0.115299221247568,0.24,0.14412402655946,341.02,2.53,0.29,14.85
MO EQUIPAMENTO,MO EQUIPAMENTO,MO EQUIPAMENTO,Mão de Obra,4594.86,13.33,6906.18,518.0,0.8,0.665325955602407,11.09,0.831657444503009,1223.22,5.65,3.76,53.25
REVISÃO FINAL,REVISÃO FINAL,REVISÃO FINAL,Mão de Obra,1727.08,3.67,1899.2,518.0,0.8,0.909373042263964,4.17,1.13671630282996,1540.41,1.23,1.12,67.06
