Cod,Chave semana,STATUS,Lote semana,MÉTODO DOCNIX,TC levantados?,Status2,Complexidade
16167-0,202638.0,EM ANÁLISE,2.0,MPR00470,SIM,Tempos OK,4.0
12467-0,202638.0,EM ANÁLISE,1.0,MPR00064,SIM,Tempos OK,3.0
11290-0,202638.0,EM ANÁLISE,2.0,MPR00196,SIM,Tempos OK,2.0
13365-0,202638.0,EM ANÁLISE,1.0,MPR00038,SIM,Tempos OK,3.0
17061-0,202638.0,EM ANÁLISE,2.0,MPR00769,SIM,Tempos OK,2.0
17059-0,202638.0,EM ANÁLISE,1.0,MPR00769,SIM,Tempos OK,2.0
16046-0,202638.0,EM ANÁLISE,3.0,"MPR00047
MPR00066",SIM,Tempos OK,4.0
17321-1,202638.0,EM ANÁLISE,1.0,MPR01001,SIM,Tempos OK,4.0
12349-0,202638.0,EM ANÁLISE,2.0,MPR00992,SIM,Tempos OK,4.0
12334-0,202638.0,EM ANÁLISE,1.0,MPR00973,SIM,Tempos OK,3.0
12334-0,202638.0,AG. ANÁLISE,2.0,MPR00973,SIM,Tempos OK,3.0
12361-0,202638.0,AG. ANÁLISE,2.0,MPR00293,SIM,Tempos OK,2.0
12364-0,202638.0,EM ANÁLISE,6.0,MPR00496,SIM,Tempos OK,2.0
12364-0,202638.0,AG. ANÁLISE,1.0,MPR00496,SIM,Tempos OK,2.0
15959-2,202638.0,EM ANÁLISE,1.0,MPR01001,SIM,Tempos OK,4.0
13920-0,202638.0,EM ANÁLISE,2.0,MPR00968,SIM,Tempos OK,3.0
12419-0,202638.0,EM ANÁLISE,1.0,MPR00104,SIM,Tempos OK,2.0
12419-0,202638.0,AG. ANÁLISE,1.0,MPR00104,SIM,Tempos OK,2.0
15932-0,202638.0,EM ANÁLISE,1.0,MPR00630,SIM,Tempos OK,3.0
12456-0,202638.0,AG. ANÁLISE,2.0,MPR00441,SIM,Tempos OK,4.0
15852-0,202638.0,INVESTIGAÇÃO F1A,1.0,MPR00099,SIM,Tempos OK,4.0
15852-0,202638.0,EM ANÁLISE,25.0,MPR00099,SIM,Tempos OK,4.0
12469-0,202638.0,AG. ANÁLISE,4.0,MPR00053,SIM,Tempos OK,3.0
12490-0,202638.0,AG. ANÁLISE,1.0,MPR00362,SIM,Tempos OK,3.0
12598-0,202638.0,EM ANÁLISE,1.0,MPR00476,SIM,Tempos OK,2.0
12494-0,202638.0,EM ANÁLISE,4.0,MPR00041,SIM,Tempos OK,2.0
12499-0,202638.0,AG. ANÁLISE,1.0,MPR00464,SIM,Tempos OK,3.0
16171-0,202638.0,EM ANÁLISE,2.0,MPR00905,SIM,Tempos OK,2.0
12512-0,202638.0,EM ANÁLISE,3.0,MPR00130,SIM,Tempos OK,3.0
12512-0,202638.0,AG. ANÁLISE,9.0,MPR00130,SIM,Tempos OK,3.0
12614-0,202638.0,EM ANÁLISE,2.0,MPR00743,SIM,Tempos OK,3.0
17888-0,202638.0,EM ANÁLISE,1.0,MPR00249,SIM,Tempos OK,3.0
17888-0,202638.0,AG. ANÁLISE,1.0,MPR00249,SIM,Tempos OK,3.0
13600-0,202638.0,EM ANÁLISE,5.0,MPR00357,SIM,Tempos OK,3.0
17579-0,202638.0,INVESTIGAÇÃO F1A,2.0,MPR00217,SIM,Tempos OK,2.0
15933-0,202638.0,AG. ANÁLISE,1.0,MPR00631,SIM,Tempos OK,3.0
12606-0,202638.0,EM ANÁLISE,2.0,MPR00755,SIM,Tempos OK,4.0
12606-0,202638.0,AG. ANÁLISE,11.0,MPR00755,SIM,Tempos OK,4.0
15957-0,202638.0,AG. ANÁLISE,2.0,MPR00385,SIM,Tempos OK,2.0
13598-0,202638.0,AG. ANÁLISE,1.0,MPR00357,SIM,Tempos OK,3.0
17078-0,202638.0,EM ANÁLISE,1.0,MPR00695,SIM,Tempos OK,3.0
17833-0,202638.0,EM ANÁLISE,1.0,MPR00108,SIM,Tempos OK,3.0
17833-0,202638.0,AG. ANÁLISE,2.0,MPR00108,SIM,Tempos OK,3.0
158-0,202638.0,EM ANÁLISE,2.0,MPR00929,SIM,Tempos OK,2.0
15980-1,202638.0,AG. ANÁLISE,3.0,MPR00787,SIM,Tempos OK,4.0
16014-0,202638.0,AG. ANÁLISE,8.0,MPR00619,SIM,Tempos OK,2.0
161-0,202638.0,AG. ANÁLISE,1.0,MPR00927,SIM,Tempos OK,2.0
17898-1,202638.0,AG. ANÁLISE,1.0,MPR00303,SIM,Tempos OK,2.0
17042-0,202638.0,AG. ANÁLISE,1.0,MPR00277,SIM,Tempos OK,2.0
17459-0,202638.0,AG. ANÁLISE,4.0,MPR00663,SIM,Tempos OK,3.0
17155-0,202638.0,AG. ANÁLISE,7.0,MPR00006,SIM,Tempos OK,2.0
17155-0,202638.0,EM ANÁLISE,1.0,MPR00006,SIM,Tempos OK,2.0
17899-1,202638.0,AG. ANÁLISE,1.0,MPR00303,SIM,Tempos OK,2.0
17153-0,202638.0,AG. ANÁLISE,3.0,MPR00445,SIM,Tempos OK,3.0
17175-0,202638.0,AG. ANÁLISE,2.0,MPR01022,SIM,Tempos OK,2.0
18044-0,202638.0,AG. ANÁLISE,1.0,MPR00268,SIM,Tempos OK,3.0
18039-0,202638.0,AG. ANÁLISE,1.0,MPR00105,SIM,Tempos OK,3.0
18328-0,202638.0,AG. ANÁLISE,3.0,MPR00991,SIM,Tempos OK,2.0
18335-0,202638.0,AG. ANÁLISE,2.0,MPR00219,SIM,Tempos OK,2.0
19163-0,202638.0,EM ANÁLISE,1.0,"MPR01368
MPR01369",SIM,Tempos OK,3.0
19209-0,202638.0,EM ANÁLISE,2.0,MPR00755,SIM,Tempos OK,4.0
19209-0,202638.0,AG. ANÁLISE,6.0,MPR00755,SIM,Tempos OK,4.0
19304-0,202638.0,AG. ANÁLISE,1.0,MPR01429,SIM,Tempos OK,1.0
19308-0,202638.0,EM ANÁLISE,1.0,MPR00012,SIM,Tempos OK,4.0
19308-0,202638.0,INVESTIGAÇÃO F1A,1.0,MPR00012,SIM,Tempos OK,4.0
19325-1,202638.0,EM ANÁLISE,1.0,MPR00632,SIM,Tempos OK,2.0
19476-0,202638.0,EM ANÁLISE,1.0,MPR00360,SIM,Tempos OK,2.0
19482-0,202638.0,EM ANÁLISE,1.0,MPR00461,SIM,Tempos OK,3.0
19482-0,202638.0,AG. ANÁLISE,2.0,MPR00461,SIM,Tempos OK,3.0
19483-0,202638.0,AG. ANÁLISE,5.0,MPR00461,SIM,Tempos OK,3.0
19494-1,202638.0,AG. ANÁLISE,1.0,MPR01337,SIM,Tempos OK,1.0
19497-0,202638.0,AG. ANÁLISE,6.0,MPR00585,SIM,Tempos OK,3.0
19514-0,202638.0,EM ANÁLISE,1.0,MPR00972,SIM,Tempos OK,4.0
19564-0,202638.0,AG. ANÁLISE,1.0,MPR00695,SIM,Tempos OK,3.0
19572-0,202638.0,AG. ANÁLISE,2.0,MPR00256,SIM,Tempos OK,3.0
19587-0,202638.0,AG. ANÁLISE,3.0,MPR00132,SIM,Tempos OK,3.0
19587-0,202638.0,EM ANÁLISE,1.0,MPR00132,SIM,Tempos OK,3.0
19629-0,202638.0,EM ANÁLISE,1.0,MPR00248,SIM,Tempos OK,2.0
19644-0,202638.0,EM ANÁLISE,1.0,MPR00052,SIM,Tempos OK,3.0
19644-0,202638.0,AG. ANÁLISE,1.0,MPR00052,SIM,Tempos OK,3.0
19651-0,202638.0,EM ANÁLISE,1.0,MPR00201,SIM,Tempos OK,3.0
19651-0,202638.0,AG. ANÁLISE,3.0,MPR00201,SIM,Tempos OK,3.0
19653-0,202638.0,EM ANÁLISE,4.0,MPR00271,SIM,Tempos OK,4.0
19653-0,202638.0,AG. ANÁLISE,1.0,MPR00271,SIM,Tempos OK,4.0
19655-0,202638.0,EM ANÁLISE,1.0,MPR00587,SIM,Tempos OK,3.0
19655-0,202638.0,AG. ANÁLISE,6.0,MPR00587,SIM,Tempos OK,3.0
19669-0,202638.0,EM ANÁLISE,18.0,"MPR00693
MPR01477",SIM,Tempos OK,4.0
19669-0,202638.0,AG. ANÁLISE,5.0,"MPR00693
MPR01477",SIM,Tempos OK,4.0
19694-0,202638.0,EM ANÁLISE,5.0,MPR00087,SIM,Tempos OK,2.0
19694-0,202638.0,AG. ANÁLISE,1.0,MPR00087,SIM,Tempos OK,2.0
19715-0,202638.0,EM ANÁLISE,1.0,"MPR00047
MPR00066",SIM,Tempos OK,4.0
19743-0,202638.0,EM ANÁLISE,1.0,MPR00470,SIM,Tempos OK,4.0
19751-1,202638.0,AG. ANÁLISE,1.0,MPR00303,SIM,Tempos OK,2.0
19786-0,202638.0,EM ANÁLISE,1.0,MPR00357,SIM,Tempos OK,3.0
19803-0,202638.0,AG. ANÁLISE,4.0,MPR01412,SIM,Tempos OK,1.0
19824-0,202638.0,AG. ANÁLISE,2.0,MPR00357,SIM,Tempos OK,3.0
19985-0,202638.0,AG. ANÁLISE,1.0,MPR00446,SIM,Tempos OK,3.0
20374-0,202638.0,AG. ANÁLISE,1.0,MPR00919,SIM,Tempos OK,3.0
20375-0,202638.0,AG. ANÁLISE,1.0,MPR00919,SIM,Tempos OK,3.0
20376-0,202638.0,EM ANÁLISE,1.0,MPR00919,SIM,Tempos OK,3.0
20497-0,202638.0,AG. ANÁLISE,1.0,MPR00052,SIM,Tempos OK,3.0
20561-1,202638.0,AG. ANÁLISE,1.0,MPR00347,SIM,Tempos OK,3.0
20774-0,202638.0,INVESTIGAÇÃO F1A,2.0,MPR00321,SIM,Tempos OK,2.0
20776-0,202638.0,INVESTIGAÇÃO F1A,1.0,MPR00321,SIM,Tempos OK,2.0
20814-0,202638.0,INVESTIGAÇÃO F1A,1.0,MPR00031,SIM,Tempos OK,3.0
20865-0,202638.0,AG. ANÁLISE,2.0,MPR01022,SIM,Tempos OK,2.0
20876-0,202638.0,AG. ANÁLISE,2.0,MPR01021,SIM,Tempos OK,2.0
20929-0,202638.0,AG. ANÁLISE,1.0,MPR00048,SIM,Tempos OK,4.0
20940-0,202638.0,AG. ANÁLISE,1.0,MPR01447,SIM,Tempos OK,0.0
20952-0,202638.0,AG. ANÁLISE,1.0,EPR00809,SIM,Tempos OK,0.0
21106-0,202638.0,EM ANÁLISE,1.0,MPR00340,SIM,Tempos OK,4.0
21544-0,202638.0,AG. ANÁLISE,1.0,MPR00979,SIM,Tempos OK,4.0
21546-0,202638.0,AG. ANÁLISE,1.0,MPR01026,SIM,Tempos OK,4.0
21565-0,202638.0,EM ANÁLISE,1.0,MPR00876,SIM,Tempos OK,3.0
21658-1,202638.0,AG. ANÁLISE,1.0,MPR01000,SIM,Tempos OK,4.0
21665-2,202638.0,AG. ANÁLISE,4.0,MPR01043,SIM,Tempos OK,3.0
21665-2,202638.0,EM ANÁLISE,1.0,MPR01043,SIM,Tempos OK,3.0
21731-0,202638.0,EM ANÁLISE,2.0,MPR00477,SIM,Tempos OK,4.0
21731-0,202638.0,AG. ANÁLISE,3.0,MPR00477,SIM,Tempos OK,4.0
21890-0,202638.0,AG. ANÁLISE,2.0,MPR00440,SIM,Tempos OK,3.0
21892-0,202638.0,AG. ANÁLISE,5.0,MPR00439,SIM,Tempos OK,3.0
21898-0,202638.0,AG. ANÁLISE,2.0,MPR00230,SIM,Tempos OK,3.0
21904-0,202638.0,EM ANÁLISE,1.0,MPR00091,SIM,Tempos OK,3.0
21916-0,202638.0,EM ANÁLISE,1.0,MPR00340,SIM,Tempos OK,4.0
21919-0,202638.0,AG. ANÁLISE,1.0,EPR00809,SIM,Tempos OK,0.0
21920-0,202638.0,AG. ANÁLISE,1.0,EPR00809,SIM,Tempos OK,0.0
21921-0,202638.0,EM ANÁLISE,1.0,MPR00711,SIM,Tempos OK,4.0
21964-0,202638.0,AG. ANÁLISE,1.0,MPR00658,SIM,Tempos OK,4.0
21982-0,202638.0,EM ANÁLISE,1.0,MPR01000,SIM,Tempos OK,4.0
21982-0,202638.0,AG. ANÁLISE,1.0,MPR01000,SIM,Tempos OK,4.0
22087-1,202638.0,EM ANÁLISE,1.0,MPR00148,SIM,Tempos OK,4.0
22087-1,202638.0,AG. ANÁLISE,1.0,MPR00148,SIM,Tempos OK,4.0
22127-0,202638.0,AG. ANÁLISE,1.0,MPR00149,SIM,Tempos OK,4.0
22156-0,202638.0,AG. ANÁLISE,1.0,EPR00809,SIM,Tempos OK,0.0
22170-1,202638.0,EM ANÁLISE,3.0,MPR01176,SIM,Tempos OK,3.0
22170-1,202638.0,AG. ANÁLISE,1.0,MPR01176,SIM,Tempos OK,3.0
22175-1,202638.0,AG. ANÁLISE,3.0,MPR01224,SIM,Tempos OK,2.0
22183-0,202638.0,AG. ANÁLISE,1.0,MPR00795,SIM,Tempos OK,3.0
22316-0,202638.0,AG. ANÁLISE,2.0,MPR00827,SIM,Tempos OK,1.0
22317-0,202638.0,AG. ANÁLISE,3.0,MPR00827,SIM,Tempos OK,1.0
22328-0,202638.0,EM ANÁLISE,1.0,MPR00009,SIM,Tempos OK,2.0
22342-1,202638.0,AG. ANÁLISE,10.0,MPR00302,SIM,Tempos OK,2.0
22343-1,202638.0,AG. ANÁLISE,2.0,MPR00303,SIM,Tempos OK,2.0
22344-1,202638.0,AG. ANÁLISE,1.0,MPR00307,SIM,Tempos OK,2.0
22345-1,202638.0,AG. ANÁLISE,1.0,MPR00307,SIM,Tempos OK,2.0
22381-0,202638.0,AG. ANÁLISE,1.0,MPR00387,SIM,Tempos OK,3.0
22383-0,202638.0,AG. ANÁLISE,2.0,MPR01193,SIM,Tempos OK,4.0
22387-0,202638.0,EM ANÁLISE,3.0,MPR01193,SIM,Tempos OK,4.0
22387-0,202638.0,AG. ANÁLISE,2.0,MPR01193,SIM,Tempos OK,4.0
22429-0,202638.0,AG. EMBALAGEM FINAL,1.0,MPR00932,SIM,Tempos OK,2.0
22524-0,202638.0,AG. ANÁLISE,2.0,MPR01000,SIM,Tempos OK,4.0
22525-0,202638.0,AG. ANÁLISE,1.0,MPR01000,SIM,Tempos OK,4.0
22525-0,202638.0,EM ANÁLISE,1.0,MPR01000,SIM,Tempos OK,4.0
22530-0,202638.0,EM ANÁLISE,2.0,MPR00743,SIM,Tempos OK,3.0
22532-0,202638.0,EM ANÁLISE,12.0,MPR00292,SIM,Tempos OK,4.0
22532-0,202638.0,INVESTIGAÇÃO F1A,1.0,MPR00292,SIM,Tempos OK,4.0
22532-0,202638.0,AG. ANÁLISE,3.0,MPR00292,SIM,Tempos OK,4.0
22533-0,202638.0,EM ANÁLISE,1.0,MPR00286,SIM,Tempos OK,2.0
22537-0,202638.0,AG. ANÁLISE,11.0,MPR00130,SIM,Tempos OK,3.0
22575-0,202638.0,EM ANÁLISE,1.0,MPR00964,SIM,Tempos OK,4.0
22576-0,202638.0,AG. ANÁLISE,1.0,MPR00964,SIM,Tempos OK,4.0
22577-0,202638.0,AG. ANÁLISE,1.0,MPR00964,SIM,Tempos OK,4.0
22754-0,202638.0,EM ANÁLISE,2.0,MPR01153,SIM,Tempos OK,3.0
22846-0,202638.0,EM ANÁLISE,1.0,MPR01138,SIM,Tempos OK,4.0
22886-0,202638.0,EM ANÁLISE,2.0,MPR00357,SIM,Tempos OK,3.0
22886-0,202638.0,AG. ANÁLISE,3.0,MPR00357,SIM,Tempos OK,3.0
23017-0,202638.0,AG. ANÁLISE,1.0,MPR01311,SIM,Tempos OK,1.0
23018-0,202638.0,AG. ANÁLISE,2.0,MPR01311,SIM,Tempos OK,1.0
23030-0,202638.0,AG. ANÁLISE,2.0,MPR01026,SIM,Tempos OK,4.0
23047-1,202638.0,AG. ANÁLISE,1.0,MPR00228,SIM,Tempos OK,2.0
23112-0,202638.0,EM ANÁLISE,1.0,MPR01214,SIM,Tempos OK,4.0
23166-0,202638.0,EM ANÁLISE,1.0,MPR00441,SIM,Tempos OK,4.0
23166-0,202638.0,AG. ANÁLISE,1.0,MPR00441,SIM,Tempos OK,4.0
23169-0,202638.0,EM ANÁLISE,5.0,MPR00445,SIM,Tempos OK,3.0
23169-0,202638.0,AG. ANÁLISE,1.0,MPR00445,SIM,Tempos OK,3.0
23171-0,202638.0,AG. ANÁLISE,3.0,MPR01275,SIM,Tempos OK,1.0
23275-0,202638.0,EM ANÁLISE,2.0,MPR01340,SIM,Tempos OK,4.0
23275-0,202638.0,AG. ANÁLISE,4.0,MPR01340,SIM,Tempos OK,4.0
23287-0,202638.0,EM ANÁLISE,2.0,MPR01283,SIM,Tempos OK,2.0
23287-0,202638.0,AG. ANÁLISE,1.0,MPR01283,SIM,Tempos OK,2.0
23322-0,202638.0,AG. ANÁLISE,1.0,MPR00031,SIM,Tempos OK,3.0
23323-0,202638.0,AG. ANÁLISE,1.0,MPR00031,SIM,Tempos OK,3.0
23397-0,202638.0,EM ANÁLISE,1.0,"MPR01368
MPR01369",SIM,Tempos OK,3.0
23431-0,202638.0,AG. ANÁLISE,2.0,MPR01275,SIM,Tempos OK,1.0
23444-0,202638.0,AG. ANÁLISE,3.0,MPR01274,SIM,Tempos OK,2.0
323-0,202638.0,EM ANÁLISE,1.0,MPR00230,SIM,Tempos OK,3.0
323-0,202638.0,AG. ANÁLISE,2.0,MPR00230,SIM,Tempos OK,3.0
328-0,202638.0,EM ANÁLISE,4.0,MPR00380,SIM,Tempos OK,2.0
415-2,202638.0,AG. ANÁLISE,1.0,MPR00225,SIM,Tempos OK,3.0
8177-0,202638.0,EM ANÁLISE,1.0,MPR00785,SIM,Tempos OK,3.0
23561-0,202638.0,EM ANÁLISE,1.0,MPR01402,SIM,Tempos OK,3.0
23560-0,202638.0,EM ANÁLISE,1.0,MPR01402,SIM,Tempos OK,3.0
23386-0,202638.0,AG. ANÁLISE,1.0,MPR01352,SIM,Tempos OK,3.0
23384-0,202638.0,AG. ANÁLISE,2.0,MPR01352,SIM,Tempos OK,3.0
23396-0,202638.0,AG. ANÁLISE,1.0,MPR01352,SIM,Tempos OK,3.0
21707-1,202638.0,AG. ANÁLISE,1.0,MPR01000,SIM,Tempos OK,4.0
23618-0,202638.0,AG. ANÁLISE,1.0,MPR01422,SIM,Tempos OK,3.0
23617-0,202638.0,AG. ANÁLISE,1.0,MPR01424,SIM,Tempos OK,3.0
23371-0,202638.0,AG. ANÁLISE,4.0,MPR01068,SIM,Tempos OK,3.0
23443-0,202638.0,AG. ANÁLISE,2.0,"MPR01368
MPR01369",SIM,Tempos OK,3.0
23478-0,202638.0,EM ANÁLISE,5.0,MPR01326,SIM,Tempos OK,4.0
22979-0,202638.0,AG. ANÁLISE,1.0,MPR00964,SIM,Tempos OK,4.0
23099-1,202638.0,EM ANÁLISE,1.0,MPR01326,SIM,Tempos OK,4.0
23100-1,202638.0,EM ANÁLISE,1.0,MPR01326,SIM,Tempos OK,4.0
23844-0,202638.0,EM ANÁLISE,1.0,MPR00326,SIM,Tempos OK,2.0
23845-0,202638.0,EM ANÁLISE,1.0,MPR00331,SIM,Tempos OK,2.0
23220-0,202638.0,EM ANÁLISE,2.0,MPR01273,SIM,Tempos OK,3.0
15959-0,202638.0,EM ANÁLISE,1.0,MPR01001,SIM,Tempos OK,4.0
