PROCESSO,FAMILIA,CLUSTER,CATEGORIA,TURNOS,QTDE 1° TURNO,QTDE 2° TURNO,QTDE 3° TURNO,RECURSO MÉDIO ATUAL,HRS TURNO,TOTAL RECURSO,OEE REAL,RECURSO DISP (MIN)
MO BANCADA,Dermo / Semissólidos,BANCADA,Mão de Obra,3.0,1.7560606060606059,1.7939393939393942,1.3090909090909093,1.6196969696969699,524.9152777777779,850.20368476431,0.8,40809.77686868688
MO BANCADA,Líquidos,BANCADA,Mão de Obra,3.0,2.8393939393939394,2.0272727272727273,2.8257575757575757,2.5641414141414143,524.9152777777779,1345.9570026655447,0.8,64605.936127946145
MO BANCADA,Estéreis / Aerossóis,BANCADA,Mão de Obra,3.0,1.806060606060606,1.5439393939393942,1.1090909090909093,1.4863636363636363,524.9152777777779,780.2149810606062,0.8,37450.3190909091
MO BANCADA,Fam FQ,BANCADA,Mão de Obra,3.0,1.0893939393939394,1.3772727272727276,0.809090909090909,1.091919191919192,524.9152777777779,573.1650659371494,0.8,27511.92316498317
MO BANCADA,Fam PI/TF,BANCADA,Mão de Obra,3.0,7.139393939393938,6.943939393939394,7.442424242424242,7.1752525252525245,524.9152777777779,3766.399672418631,0.8,180787.1842760943
MO BANCADA,Fam Dissolutor,BANCADA,Mão de Obra,3.0,4.289393939393939,4.777272727272727,3.8257575757575757,4.297474747474747,524.9152777777779,2255.810150813693,0.8,108278.88723905725
MO BANCADA,Sólidos - Torsilax,BANCADA,Mão de Obra,3.0,2.5727272727272723,2.2606060606060607,1.759090909090909,2.197474747474747,524.9152777777779,1153.4880674803592,0.8,55367.427239057244
MO BANCADA,Sólidos - Doralgina,BANCADA,Mão de Obra,3.0,2.472727272727272,1.943939393939394,1.2090909090909092,1.875252525252525,524.9152777777779,984.3487001964086,0.8,47248.73760942762
MO BANCADA,Sólidos - Neolefrin,BANCADA,Mão de Obra,3.0,1.8727272727272728,2.093939393939394,1.9424242424242422,1.9696969696969697,524.9152777777779,1033.924031986532,0.8,49628.35353535354
MO BANCADA,Sólidos - Losartana,BANCADA,Mão de Obra,3.0,1.9893939393939395,2.2772727272727273,2.0924242424242423,2.1196969696969696,524.9152777777779,1112.661323653199,0.8,53407.74353535355
MO BANCADA,Impureza Skip Test,BANCADA,Mão de Obra,3.0,1.306060606060606,1.460606060606061,1.4424242424242424,1.403030303030303,524.9152777777779,736.4720412457914,0.8,35350.657979797994
MO CONFERÊNCIA BANCADA,MO CONFERÊNCIA BANCADA,BANCADA,Mão de Obra,3.0,4.133333333333334,6.066666666666666,3.266666666666667,4.488888888888889,524.9152777777779,2356.2863580246917,0.8,113101.74518518521
MO CONFERÊNCIA PI/TF,MO CONFERÊNCIA PI/TF,BANCADA,Mão de Obra,3.0,0.8666666666666667,0.8333333333333334,1.0,0.9,524.9152777777779,472.4237500000001,0.8,22676.340000000004
MO EQUIPAMENTO BANCADA,MO EQUIPAMENTO BANCADA,BANCADA,Mão de Obra,3.0,0.0,0.0,0.0,0.0,524.9152777777779,0.0,0.8,0.0
MO EQUIPAMENTO,MO EQUIPAMENTO,MO EQUIPAMENTO,Mão de Obra,3.0,11.466666666666667,13.683333333333332,13.866666666666667,13.005555555555555,524.9152777777779,6826.814807098766,0.8,327687.11074074084
MO CONFERÊNCIA EQUIPAMENTO,MO CONFERÊNCIA EQUIPAMENTO,EQUIPAMENTO,Mão de Obra,3.0,1.0,0.0,0.0,0.3333333333333333,524.9152777777779,174.97175925925927,0.8,8398.644444444444
REVISÃO FINAL,REVISÃO FINAL,REVISÃO FINAL,Mão de Obra,3.0,4.233333333333333,2.6833333333333336,2.85,3.255555555555556,524.9152777777779,1708.8908487654326,0.8,82026.76074074078
DISSOLUTOR,DISSOLUTOR,EQUIPAMENTO,Equipamento,3.0,6.0,6.0,6.0,6.0,542.3049999999998,3253.829999999999,0.8,156183.83999999997
EQUIPAMENTO HPLC,CRLQ0198,CLUSTER 1,Equipamento,3.0,1.0,1.0,1.0,1.0,542.3049999999998,542.3049999999998,0.34994213993245504,11386.5223317642
EQUIPAMENTO HPLC,CRLQ0200,CLUSTER 1,Equipamento,3.0,1.0,1.0,1.0,1.0,542.3049999999998,542.3049999999998,0.3175942589260368,10333.977275213061
EQUIPAMENTO HPLC,CRLQ0201,CLUSTER 1,Equipamento,3.0,1.0,1.0,1.0,1.0,542.3049999999998,542.3049999999998,0.3341978124919349,10874.228682206322
EQUIPAMENTO HPLC,CRLQ0202,CLUSTER 1,Equipamento,3.0,1.0,1.0,1.0,1.0,542.3049999999998,542.3049999999998,0.23916086434030168,7781.887952164035
EQUIPAMENTO HPLC,CRLQ0204,CLUSTER 1,Equipamento,3.0,1.0,1.0,1.0,1.0,542.3049999999998,542.3049999999998,0.21176921619349062,6890.610287268654
EQUIPAMENTO HPLC,CRLQ0210,CLUSTER 1,Equipamento,3.0,1.0,1.0,1.0,1.0,542.3049999999998,542.3049999999998,0.25223290779043317,8207.23002355745
EQUIPAMENTO HPLC,CRLQ0150,CLUSTER 2,Equipamento,3.0,1.0,1.0,1.0,1.0,542.3049999999998,542.3049999999998,0.3050434556650632,9925.595473466523
EQUIPAMENTO HPLC,CRLQ0254,CLUSTER 2,Equipamento,3.0,1.0,1.0,1.0,1.0,542.3049999999998,542.3049999999998,0.31011950462328475,10090.761477283824
EQUIPAMENTO HPLC,CRLQ0256,CLUSTER 2,Equipamento,3.0,1.0,1.0,1.0,1.0,542.3049999999998,542.3049999999998,0.2747063852765514,8938.478776044009
EQUIPAMENTO HPLC,CRLQ0143,CLUSTER 3,Equipamento,3.0,1.0,1.0,1.0,1.0,542.3049999999998,542.3049999999998,0.31831808313000304,10357.529284308976
EQUIPAMENTO HPLC,CRLQ0144,CLUSTER 3,Equipamento,3.0,1.0,1.0,1.0,1.0,542.3049999999998,542.3049999999998,0.34156003937016244,11113.783029038153
EQUIPAMENTO HPLC,CRLQ0145,CLUSTER 3,Equipamento,3.0,1.0,1.0,1.0,1.0,542.3049999999998,542.3049999999998,0.2955783698052197,9617.617670233178
EQUIPAMENTO HPLC,CRLQ0024,CLUSTER 4,Equipamento,3.0,1.0,1.0,1.0,1.0,542.3049999999998,542.3049999999998,0.32728250046272006,10649.216184806122
EQUIPAMENTO HPLC,CRLQ0043,CLUSTER 4,Equipamento,3.0,1.0,1.0,1.0,1.0,542.3049999999998,542.3049999999998,0.3026654871340771,9848.220420014737
EQUIPAMENTO HPLC,CRLQ0055,CLUSTER 4,Equipamento,3.0,1.0,1.0,1.0,1.0,542.3049999999998,542.3049999999998,0.3533553383484759,11497.58200578421
EQUIPAMENTO HPLC,CRLQ0064,CLUSTER 4,Equipamento,3.0,1.0,1.0,1.0,1.0,542.3049999999998,542.3049999999998,0.3877887487327029,12617.986642889304
EQUIPAMENTO HPLC,CRLQ0079,CLUSTER 4,Equipamento,3.0,1.0,1.0,1.0,1.0,542.3049999999998,542.3049999999998,0.37104662966544205,12073.22655004305
EQUIPAMENTO HPLC,CRLQ0147,CLUSTER 5,Equipamento,3.0,1.0,1.0,1.0,1.0,542.3049999999998,542.3049999999998,0.39641170526492103,12898.562989421576
EQUIPAMENTO HPLC,CRLQ0148,CLUSTER 5,Equipamento,3.0,1.0,1.0,1.0,1.0,542.3049999999998,542.3049999999998,0.35173497059039227,11444.857993561358
EQUIPAMENTO HPLC,CRLQ0151,CLUSTER 5,Equipamento,3.0,1.0,1.0,1.0,1.0,542.3049999999998,542.3049999999998,0.40862033574609474,13295.81107060715
EQUIPAMENTO HPLC,CRLQ0188,CLUSTER 5,Equipamento,3.0,1.0,1.0,1.0,1.0,542.3049999999998,542.3049999999998,0.3244242835482981,10556.214665379586
EQUIPAMENTO HPLC,CRLQ0081,CLUSTER 6,Equipamento,3.0,1.0,1.0,1.0,1.0,542.3049999999998,542.3049999999998,0.2885903568419264,9390.239608029651
EQUIPAMENTO HPLC,CRLQ0085,CLUSTER 6,Equipamento,3.0,1.0,1.0,1.0,1.0,542.3049999999998,542.3049999999998,0.4239097130017992,13793.301414566438
EQUIPAMENTO HPLC,CRLQ0086,CLUSTER 6,Equipamento,3.0,1.0,1.0,1.0,1.0,542.3049999999998,542.3049999999998,0.2875863001310314,9357.569309553537
EQUIPAMENTO HPLC,CRLQ0250,CLUSTER 6,Equipamento,3.0,1.0,1.0,1.0,1.0,542.3049999999998,542.3049999999998,0.5024136353746719,16347.685591911679
EQUIPAMENTO HPLC,CRLQ0251,CLUSTER 6,Equipamento,3.0,1.0,1.0,1.0,1.0,542.3049999999998,542.3049999999998,0.33440812410785387,10881.07186465858
EQUIPAMENTO HPLC,CRLQ0252,CLUSTER 6,Equipamento,3.0,1.0,1.0,1.0,1.0,542.3049999999998,542.3049999999998,0.3131412238978845,10189.083085556533
EQUIPAMENTO HPLC,CRLQ0033,CLUSTER 7,Equipamento,3.0,1.0,1.0,1.0,1.0,542.3049999999998,542.3049999999998,0.37050873289771646,12055.724303645764
EQUIPAMENTO HPLC,CRLQ0034,CLUSTER 7,Equipamento,3.0,1.0,1.0,1.0,1.0,542.3049999999998,542.3049999999998,0.23306012992901268,7583.380425669191
EQUIPAMENTO HPLC,CRLQ0066,CLUSTER 7,Equipamento,3.0,1.0,1.0,1.0,1.0,542.3049999999998,542.3049999999998,0.2826863718714623,9198.133973865199
EQUIPAMENTO HPLC,CRLQ0093,CLUSTER 7,Equipamento,3.0,1.0,1.0,1.0,1.0,542.3049999999998,542.3049999999998,0.35199962775978705,11453.469487936274
EQUIPAMENTO HPLC,CRLQ0094,CLUSTER 7,Equipamento,3.0,1.0,1.0,1.0,1.0,542.3049999999998,542.3049999999998,0.3524005152665376,11466.513685897176
EQUIPAMENTO HPLC,CRLQ0127,CLUSTER 7,Equipamento,3.0,1.0,1.0,1.0,1.0,542.3049999999998,542.3049999999998,0.3491709071767475,11361.42772898916
EQUIPAMENTO HPLC,CRLQ0132,CLUSTER 7,Equipamento,3.0,1.0,1.0,1.0,1.0,542.3049999999998,542.3049999999998,0.3148517822957502,10244.741747873808
EQUIPAMENTO HPLC,CRLQ0131,CLUSTER 8,Equipamento,3.0,1.0,1.0,1.0,1.0,542.3049999999998,542.3049999999998,0.264934628942347,8620.522436914767
EQUIPAMENTO HPLC,CRLQ0072,,Equipamento,3.0,1.0,1.0,1.0,1.0,542.3049999999998,542.3049999999998,0.324858199187136,10570.333542610784
